aug_id,country_name,country_code,map_coordinates,url,region_name,region_code,title,description,status,stages,date,procurementMethod,budget,currency,buyer,sector,subsector,bert_predicted_label
9409f833-67fa-40ff-9564-a3e85eb0439f,United States,USA,"{'type': 'Point', 'coordinates': [-122.4, 37.8]}",https://www.ci.richmond.ca.us/1404/Major-Projects,California,CA,"Major Projects | Richmond, CA - Official Website",Information about projects under review by the Planning Division,Closed,Execution,2024-05-03,Design and Build,6236794.022626372,USD,Private,Construction,Building Construction,"{'status': 'Open', 'stages': 'Planning', 'procurementMethod': 'Request for Proposal', 'budget': 1616175.4730432867, 'currency': 'USD', 'buyer': 'Public', 'sector': 'Construction', 'subsector': 'Infrastructure Development'}"
05658051-abb8-4acc-aeac-ed469507bce8,United States,USA,"{'type': 'Point', 'coordinates': [-122.4, 37.8]}",https://www.bakersfieldcity.us/518/Projects-Programs,California,CA,"Projects & Programs | Bakersfield, CA - Official Website",Access the various programs and projects available in the Public Works Department.,Closed,Execution,2024-05-03,Design and Build,5695557.41187977,USD,Private,Construction,Building Construction,"{'status': 'Closed', 'stages': 'Execution', 'procurementMethod': 'Request for Proposal', 'budget': 8693664.145206142, 'currency': 'USD', 'buyer': 'Public', 'sector': 'Construction', 'subsector': 'Building Construction'}"
a58083c9-c1d6-4922-9364-dd74afe1b2f8,United States,USA,"{'type': 'Point', 'coordinates': [-122.4, 37.8]}",https://www.eurekaca.gov/744/Upcoming-Projects,California,CA,"Current Projects | Eureka, CA",Public Works projects taking place in the next year.,Closed,Execution,2024-05-03,Design and Build,8987459.699275939,USD,Public,Construction,Infrastructure Development,"{'status': 'Open', 'stages': 'Execution', 'procurementMethod': 'Design and Build', 'budget': 9801708.88039633, 'currency': 'USD', 'buyer': 'Private', 'sector': 'Construction', 'subsector': 'Building Construction'}"
c2867d2f-17e2-4ba2-859c-ed979cce5494,United States,USA,"{'type': 'Point', 'coordinates': [-122.4, 37.8]}",https://www.cityofarcata.org/413/Current-City-Construction-Projects,California,CA,"Current City Construction Projects | Arcata, CA",Find out about current City of Arcata construction projects.,Open,Execution,2024-05-03,Request for Proposal,8541939.809425885,USD,Public,Construction,Infrastructure Development,"{'status': 'Open', 'stages': 'Planning', 'procurementMethod': 'Design and Build', 'budget': 4286688.020098675, 'currency': 'USD', 'buyer': 'Public', 'sector': 'Construction', 'subsector': 'Infrastructure Development'}"
24ff137c-b64d-4cbe-8936-9716e27d72b4,United States,USA,"{'type': 'Point', 'coordinates': [-122.4, 37.8]}",https://www.mckinleyvillecsd.com/news-and-project-updates,California,CA,News and Project Updates - McKinleyville Community Services District,"A non-mandatory pre-bid meeting will be held to familiarize potential bidders with the project and is scheduled for 10:00 a.m., April 10th, 2024, at…",Open,Planning,2024-05-03,Design and Build,1463125.4973379017,USD,Private,Construction,Building Construction,"{'status': 'Open', 'stages': 'Execution', 'procurementMethod': 'Design and Build', 'budget': 4477300.1938090185, 'currency': 'USD', 'buyer': 'Public', 'sector': 'Construction', 'subsector': 'Infrastructure Development'}"
484051b5-80a7-422c-bc5f-7af831aca6f7,United States,USA,"{'type': 'Point', 'coordinates': [-122.4, 37.8]}",https://www.moval.org/cdd/documents/about-projects.html,California,CA,MV CDD Current Projects,"The Community Development Department provides planning and development services for citizens, boards, and commissions in the City of Moreno Valley.",Open,Planning,2024-05-03,Design and Build,2903301.2547466564,USD,Private,Construction,Building Construction,"{'status': 'Closed', 'stages': 'Execution', 'procurementMethod': 'Request for Proposal', 'budget': 6114073.570863926, 'currency': 'USD', 'buyer': 'Public', 'sector': 'Construction', 'subsector': 'Building Construction'}"
